{"cameraMode":{"drawMode":2,"name":"Shaded Wireframe","section":"Shading Mode"},"sceneLighting":true,"audioPlay":false,"sceneViewState":{"showFog":true,"showMaterialUpdate":true,"showSkybox":true,"showFlares":true,"showImageEffects":true,"showParticleSystems":true},"in2DMode":false,"pivot":{"x":17.216407775878908,"y":-20.965190887451173,"z":1.5882552862167359},"rotation":{"x":-0.3015017509460449,"y":-0.6125500202178955,"z":0.2725139260292053,"w":-0.6780094504356384},"size":18.318065643310548,"orthographic":false}