{"cameraMode":{"drawMode":0,"name":"Shaded","section":"Shading Mode"},"sceneLighting":false,"audioPlay":false,"sceneViewState":{"showFog":false,"showMaterialUpdate":false,"showSkybox":false,"showFlares":false,"showImageEffects":false,"showParticleSystems":false},"in2DMode":false,"pivot":{"x":-10.602495193481446,"y":23.133180618286134,"z":-21.36281394958496},"rotation":{"x":-0.1533770114183426,"y":-0.5313403606414795,"z":0.09850607067346573,"w":-0.8273196220397949},"size":33.9509162902832,"orthographic":false}